id,type,latitude,longitude
DRONE-001,UUV,41.767664,14.326248
DRONE-002,USV,36.953043,10.459624
DRONE-003,USV,38.239701,12.337718
DRONE-004,UAV,42.913834,9.278972
DRONE-005,UUV,37.376322,16.704902
DRONE-006,UUV,40.929637,10.576205
DRONE-007,UAV,36.211645,9.307256
DRONE-008,UUV,37.389752,9.017262
DRONE-009,UAV,37.4242,8.328744
DRONE-010,USV,37.393089,16.451077
DRONE-011,USV,38.874458,13.766585
DRONE-012,USV,40.984679,16.708784
DRONE-013,UUV,36.743003,11.937568
DRONE-014,UAV,44.217012,8.04187
DRONE-015,UUV,44.664356,13.351834
DRONE-016,UAV,43.833442,15.128579
DRONE-017,UUV,40.334368,12.721571
DRONE-018,UAV,36.592854,9.322379
DRONE-019,USV,37.733922,15.694572
DRONE-020,USV,38.666541,12.777305
DRONE-021,USV,44.059808,10.724935
DRONE-022,UUV,36.761772,9.27375
DRONE-023,UAV,43.138292,11.533035
DRONE-024,USV,39.949733,13.31695
DRONE-025,UUV,43.559215,17.753864
DRONE-026,USV,43.23886,17.652384
DRONE-027,UAV,42.615798,15.324143
DRONE-028,UAV,36.093046,8.004828
DRONE-029,UAV,36.362762,8.277036
DRONE-030,USV,42.775272,14.990585
DRONE-031,UAV,41.650749,9.918522
DRONE-032,USV,38.837711,12.768769
DRONE-033,UUV,40.501595,16.011769
DRONE-034,UAV,41.385842,9.010899
DRONE-035,USV,38.582913,11.555169
DRONE-036,UUV,43.299029,12.040132
DRONE-037,USV,37.064968,12.910706
DRONE-038,UAV,39.040069,10.242268
DRONE-039,USV,40.303314,11.708409
DRONE-040,UUV,37.995358,12.297387
DRONE-041,UAV,42.634582,8.496695
DRONE-042,UAV,44.396878,8.455472
DRONE-043,USV,36.354196,16.149938
DRONE-044,UAV,38.276208,16.704939
DRONE-045,UAV,38.052769,10.762469
DRONE-046,UAV,40.035935,8.37014
DRONE-047,UUV,41.732937,12.104214
DRONE-048,UAV,43.329965,10.921751
DRONE-049,UAV,41.416999,10.562525
DRONE-050,USV,42.855923,17.057908
DRONE-051,UAV,36.204349,13.180217
DRONE-052,USV,43.751267,8.09345
DRONE-053,UUV,36.308267,11.796259
DRONE-054,UUV,37.564957,17.69356
DRONE-055,UUV,41.410673,13.44775
DRONE-056,UAV,41.886501,16.327857
DRONE-057,USV,44.432247,13.213769
DRONE-058,USV,39.209135,10.183682
DRONE-059,UUV,41.363855,9.231994
DRONE-060,UUV,40.941764,11.763562
DRONE-061,UUV,37.409952,8.782939
DRONE-062,USV,44.647037,17.023259
DRONE-063,USV,36.394431,10.817407
DRONE-064,UAV,43.161394,10.498779
DRONE-065,UUV,36.186315,10.578707
DRONE-066,UUV,38.390064,16.272568
DRONE-067,UUV,36.596913,15.704738
DRONE-068,UAV,42.614647,9.510515
DRONE-069,USV,38.859685,11.159038
DRONE-070,USV,43.829883,14.69328
DRONE-071,UUV,43.162208,13.990432
DRONE-072,UAV,40.856089,14.909653
DRONE-073,USV,40.184645,8.147835
DRONE-074,USV,41.896928,14.46306
DRONE-075,UUV,37.777592,17.103382
DRONE-076,UUV,40.93276,11.133528
DRONE-077,USV,42.036675,10.646176
DRONE-078,UUV,43.502548,17.353085
DRONE-079,UAV,38.992115,8.842385
DRONE-080,UAV,43.30986,12.559165
DRONE-081,UUV,37.87685,17.544231
DRONE-082,USV,38.373601,16.114176
DRONE-083,USV,36.36948,10.710665
DRONE-084,UAV,40.738132,11.137811
DRONE-085,UUV,42.689753,9.592188
DRONE-086,UUV,41.022533,17.597456
DRONE-087,UUV,36.936756,15.21345
DRONE-088,USV,44.153531,8.86765
DRONE-089,UAV,44.910326,14.213757
DRONE-090,USV,42.565042,15.364979
DRONE-091,UAV,42.94054,8.063586
DRONE-092,UUV,42.423873,14.583537
DRONE-093,USV,36.217037,8.44748
DRONE-094,UUV,38.853735,13.549444
DRONE-095,UAV,41.312989,8.147079
DRONE-096,USV,38.69905,14.060893
DRONE-097,UAV,41.842054,8.794177
DRONE-098,USV,41.53424,11.167849
DRONE-099,UAV,43.455468,16.416098
DRONE-100,USV,42.943391,14.000205